urls,top,id
https://stackoverflow.com/questions/23449319/yaml-current-date-in-rmarkdown,1,23449319
https://stackoverflow.com/questions/13090838/r-markdown-avoiding-package-loading-messages,2,13090838
https://stackoverflow.com/questions/11025123/how-to-convert-r-markdown-to-pdf,3,11025123
https://stackoverflow.com/questions/43820483/difference-between-r-markdown-and-r-notebook,4,43820483
https://stackoverflow.com/questions/25166624/insert-picture-table-in-r-markdown,5,25166624
https://stackoverflow.com/questions/17046518/comment-out-text-in-r-markdown-rmd-file,6,17046518
https://stackoverflow.com/questions/25240541/how-to-add-newpage-in-rmarkdown-in-a-smart-way,7,25240541
https://stackoverflow.com/questions/15488350/programmatically-creating-markdown-tables-in-r-with-knitr,8,15488350
https://stackoverflow.com/questions/35827838/how-to-show-underscores-symbol-in-markdown,9,35827838
https://stackoverflow.com/questions/33191744/how-to-add-new-line-in-markdown-presentation,10,33191744
https://stackoverflow.com/questions/25824795/how-to-combine-two-rmarkdown-rmd-files-into-a-single-output,11,25824795
https://stackoverflow.com/questions/23957278/how-to-add-table-of-contents-in-rmarkdown,12,23957278
https://stackoverflow.com/questions/40563479/relationship-between-r-markdown-knitr-pandoc-and-bookdown,13,40563479
https://stackoverflow.com/questions/25849814/rstudio-rmarkdown-both-portrait-and-landscape-layout-in-a-single-pdf,14,25849814
https://stackoverflow.com/questions/16173995/knitr-rmd-page-break-after-n-lines-n-distance,15,16173995
https://stackoverflow.com/questions/29067541/how-to-change-the-font-color,16,29067541
https://stackoverflow.com/questions/10646665/how-to-convert-r-markdown-to-html-i-e-what-does-knit-html-do-in-rstudio-0-9,17,10646665
https://stackoverflow.com/questions/17963962/plot-size-and-resolution-with-r-markdown-knitr-pandoc-beamer,18,17963962
https://stackoverflow.com/questions/20847371/two-column-layouts-in-rstudio-presentations-slidify-pandoc,19,20847371
https://stackoverflow.com/questions/13091112/hiding-the-r-code-in-rmarkdown-knit-and-just-showing-the-results,20,13091112
https://stackoverflow.com/questions/15385696/adjust-the-output-width-of-r-markdown-html-output,21,15385696
https://stackoverflow.com/questions/22081991/rmarkdown-pandoc-pdflatex-not-found,22,22081991
https://stackoverflow.com/questions/38861041/knitr-rmarkdown-latex-how-to-cross-reference-figures-and-tables,23,38861041
https://stackoverflow.com/questions/15081212/remove-hashes-in-r-output-from-r-markdown-and-knitr,24,15081212
https://stackoverflow.com/questions/31753897/2-column-section-in-r-markdown,25,31753897
https://stackoverflow.com/questions/28432607/pandoc-version-1-12-3-or-higher-is-required-and-was-not-found-r-shiny,26,28432607
https://stackoverflow.com/questions/10902504/r-markdown-accessing-variable-from-code-chunk-variable-scope,27,10902504
https://stackoverflow.com/questions/34230391/how-to-send-r-markdown-report-in-body-of-email,28,34230391
https://stackoverflow.com/questions/39417003/long-vectors-not-supported-yet-error-in-rmd-but-not-in-r-script,29,39417003
https://stackoverflow.com/questions/16172345/how-can-i-use-emacs-ess-mode-with-r-markdown,30,16172345
https://stackoverflow.com/questions/47710427/how-to-show-code-but-hide-output-in-rmarkdown,31,47710427
https://stackoverflow.com/questions/26043807/multiple-authors-and-subtitles-in-rmarkdown-yaml,32,26043807
https://stackoverflow.com/questions/15757695/producing-subscripts-in-r-markdown,33,15757695
https://stackoverflow.com/questions/33269675/loop-in-r-markdown,34,33269675
https://stackoverflow.com/questions/19997242/simple-manual-rmarkdown-tables-that-look-good-in-html-pdf-and-docx,35,19997242
https://stackoverflow.com/questions/25646333/code-chunk-font-size-in-rmarkdown-with-knitr-and-latex,36,25646333
https://stackoverflow.com/questions/29696172/how-to-hold-figure-position-with-figure-caption-in-pdf-output-of-knitr,37,29696172
https://stackoverflow.com/questions/14879210/including-a-interactive-3d-figure-with-knitr,38,14879210
https://stackoverflow.com/questions/28895109/how-can-i-force-a-line-break-in-rmarkdowns-title,39,28895109
https://stackoverflow.com/questions/31861569/setting-document-title-in-rmarkdown-from-parameters,40,31861569
https://stackoverflow.com/questions/20060518/in-rstudio-rmarkdown-how-to-setwd,41,20060518
https://stackoverflow.com/questions/29274501/r-markdown-changing-font-size-and-font-type-in-html-output,42,29274501
https://stackoverflow.com/questions/36728061/how-can-i-use-spell-check-in-rmarkdown,43,36728061
https://stackoverflow.com/questions/13848137/figure-captions-references-using-knitr-and-markdown-to-html,44,13848137
https://stackoverflow.com/questions/24677642/centering-image-and-text-in-r-markdown-for-a-pdf-report,45,24677642
https://stackoverflow.com/questions/24421235/changing-font-in-pdf-produced-by-rmarkdown,46,24421235
https://stackoverflow.com/questions/26666839/r-how-to-make-second-level-indented-bullet-points-using-rmarkdown-ioslides,47,26666839
https://stackoverflow.com/questions/24425786/how-to-add-whitespace-to-an-rmarkdown-document,48,24425786
https://stackoverflow.com/questions/40892802/r-markdown-link-is-not-formatted-blue-when-knitted-to-pdf,49,40892802
https://stackoverflow.com/questions/41030477/changing-chunk-background-color-in-rmarkdown,50,41030477
https://stackoverflow.com/questions/28500096/r-markdown-variable-output-name,51,28500096
https://stackoverflow.com/questions/13984470/possible-to-create-latex-multicolumns-in-xtable,52,13984470
https://stackoverflow.com/questions/34280043/how-to-skip-error-checking-at-rmarkdown-compiling,53,34280043
https://stackoverflow.com/questions/20409172/how-to-display-verbatim-inline-r-code-with-backticks-using-rmarkdown,54,20409172
https://stackoverflow.com/questions/37671868/knitr-rmarkdown-docx-tables,55,37671868
https://stackoverflow.com/questions/38062706/rmarkdown-how-to-end-tabbed-content,56,38062706
https://stackoverflow.com/questions/29532214/add-author-affiliation-in-r-markdown-beamer-presentation,57,29532214
https://stackoverflow.com/questions/26049762/erroneous-nesting-of-equation-structures-in-using-beginalign-in-a-multi-l,58,26049762
https://stackoverflow.com/questions/40120050/automatically-number-sections-in-rmarkdown,59,40120050
https://stackoverflow.com/questions/31926623/figures-captions-and-labels-in-knitr,60,31926623
https://stackoverflow.com/questions/25837990/preventing-a-chunk-run-in-rmarkdown,61,25837990
https://stackoverflow.com/questions/18884778/poor-resolution-in-knitr-using-rmd,62,18884778
https://stackoverflow.com/questions/19372260/how-to-get-rstudio-to-automatically-compile-r-markdown-vignettes,63,19372260
https://stackoverflow.com/questions/48224162/knitr-wont-compile-pdf-error-in-toolsfile-path-as-absoluteoutput-file,64,48224162
https://stackoverflow.com/questions/33499651/rmarkdown-in-shiny-application,65,33499651
https://stackoverflow.com/questions/25407102/conditionally-display-a-block-of-text-in-r-markdown,66,25407102
https://stackoverflow.com/questions/42543431/code-folding-for-individual-chunks-in-r-markdown,67,42543431
https://stackoverflow.com/questions/15406028/suppressing-messages-in-knitr-rmarkdown,68,15406028
https://stackoverflow.com/questions/30446905/rmarkdown-font-size-and-header,69,30446905
https://stackoverflow.com/questions/49015578/space-after-every-five-rows-in-kable-output-with-booktabs-option-in-r-markdown,70,49015578
https://stackoverflow.com/questions/33913780/internal-links-in-rmarkdown-dont-work,71,33913780
https://stackoverflow.com/questions/25329375/creating-a-footer-for-every-page-using-r-markdown,72,25329375
https://stackoverflow.com/questions/24254552/knitr-style-table-with-css,73,24254552
https://stackoverflow.com/questions/21729415/generate-dynamic-r-markdown-blocks,74,21729415
https://stackoverflow.com/questions/25866788/how-can-i-change-paper-size-when-using-knit-pdf-in-rstudio,75,25866788
https://stackoverflow.com/questions/25834007/read-table-and-read-csv-both-error-in-rmd,76,25834007
https://stackoverflow.com/questions/41900335/adjusting-width-of-tables-made-with-kable-in-rmarkdown-documents,77,41900335
https://stackoverflow.com/questions/43613986/warning-messages-keep-appearing-in-rstudio-notebooks-in-chunks-unrelated-to-the,78,43613986
https://stackoverflow.com/questions/27120002/is-it-possible-to-have-sortable-interactive-table-in-rmarkdown,79,27120002
https://stackoverflow.com/questions/43009788/insert-a-logo-in-upper-right-corner-of-r-markdown-html-document,80,43009788
https://stackoverflow.com/questions/52397430/include-code-from-an-external-r-script-run-in-display-both-code-and-output,81,52397430
https://stackoverflow.com/questions/36866916/incremental-nested-lists-in-rmarkdown,82,36866916
https://stackoverflow.com/questions/36451484/how-to-combine-row-and-column-layout-in-flexdashboard,83,36451484
https://stackoverflow.com/questions/32183333/what-is-a-neat-command-line-equivalent-to-rstudios-knit-html,84,32183333
https://stackoverflow.com/questions/37115276/control-alignment-of-two-side-by-side-plots-in-knitr,85,37115276
https://stackoverflow.com/questions/28323382/output-table-width-in-rmarkdown,86,28323382
https://stackoverflow.com/questions/36524238/include-html-files-in-r-markdown-file,87,36524238
https://stackoverflow.com/questions/39814916/how-can-i-see-output-of-rmd-in-github,88,39814916
https://stackoverflow.com/questions/30377213/how-to-include-rmarkdown-file-in-r-package,89,30377213
https://stackoverflow.com/questions/25382459/rmarkdown-error-in-yaml,90,25382459
https://stackoverflow.com/questions/32946203/including-bibliography-in-rmarkdown-document-with-use-of-the-knitcitations,91,32946203
https://stackoverflow.com/questions/33107908/how-to-tell-if-code-is-executed-within-a-knitr-rmarkdown-context,92,33107908
https://stackoverflow.com/questions/39550732/is-there-a-way-to-have-conditional-markdown-chunk-execution-in-rmarkdown,93,39550732
https://stackoverflow.com/questions/17167140/chunk-reference-using-knitr-r-markdown-and-pandoc-pander,94,17167140
https://stackoverflow.com/questions/27246746/how-to-replicate-knit-html-in-a-command-line,95,27246746
https://stackoverflow.com/questions/22871611/how-can-i-fix-column-breaks-in-an-rmarkdown-ioslides-presentation,96,22871611
https://stackoverflow.com/questions/31214524/how-do-i-produce-r-package-vignettes-in-multiple-formats,97,31214524
https://stackoverflow.com/questions/27982052/insert-a-logo-in-upper-right-corner-of-r-markdown-pdf-document,98,27982052
https://stackoverflow.com/questions/38036680/align-multiple-tables-side-by-side,99,38036680
https://stackoverflow.com/questions/40938561/plot-new-has-not-been-called-yet-error-in-rmarkdown-rstudio-1-0-44,100,40938561
https://stackoverflow.com/questions/42486617/knitr-ignoring-fig-pos,101,42486617
https://stackoverflow.com/questions/41860203/how-to-show-output-in-console-when-writing-an-rmarkdown-notebook,102,41860203
https://stackoverflow.com/questions/34808612/how-make-2-column-layout-in-r-markdown-when-rendering-pdf,103,34808612
https://stackoverflow.com/questions/37241578/knitr-getting-a-parse-all-error-in-r-when-converting-rmd-file-into-html,104,37241578
https://stackoverflow.com/questions/49084904/r-markdown-bullet-list-with-multiple-levels,105,49084904
https://stackoverflow.com/questions/19697402/how-to-center-the-title-in-r-markdown,106,19697402
https://stackoverflow.com/questions/25354903/conditional-echo-or-eval-or-include-in-rmarkdown-chunks,107,25354903
https://stackoverflow.com/questions/34946219/linking-r-package-vignettes,108,34946219
https://stackoverflow.com/questions/35734525/reduce-space-between-code-chunks-and-code-output-in-rmarkdown-beamer-presentatio,109,35734525
https://stackoverflow.com/questions/30355240/following-html-knit-rmarkdown-including-block-of-white-space,110,30355240
https://stackoverflow.com/questions/37755037/how-to-add-code-folding-to-output-chunks-in-rmarkdown-html-documents,111,37755037
https://stackoverflow.com/questions/34906002/increase-width-of-entire-html-rmarkdown-output,112,34906002
https://stackoverflow.com/questions/24753969/knitr-run-all-chunks-in-an-rmarkdown-document,113,24753969
https://stackoverflow.com/questions/41717781/warning-input-string-not-available-in-this-locale,114,41717781
https://stackoverflow.com/questions/51945079/how-to-change-the-figure-caption-format-in-bookdown,115,51945079
https://stackoverflow.com/questions/45228938/beamer-rmarkdown-changing-slide-count-for-backup-slides,116,45228938
https://stackoverflow.com/questions/31221981/how-do-i-add-citations-and-a-bibliography-to-rpres-rmarkdown-presentations,117,31221981
https://stackoverflow.com/questions/29242528/rmd-kntir-markdown-citations-in-latex-environments,118,29242528
https://stackoverflow.com/questions/29997263/linked-table-of-contents-toc-in-md-using-rmarkdown,119,29997263
https://stackoverflow.com/questions/30537515/split-the-title-onto-multiple-lines,120,30537515
https://stackoverflow.com/questions/29787850/how-do-i-add-a-url-to-r-markdown,121,29787850
https://stackoverflow.com/questions/24603003/changing-the-maximum-width-of-r-markdown-documents,122,24603003
https://stackoverflow.com/questions/31830974/inserting-a-page-break-within-a-code-chunk-in-rmarkdown-converting-to-pdf,123,31830974
https://stackoverflow.com/questions/26234119/how-can-i-write-a-degree-symbol-in-rmarkdown2-for-html-and-pdf-output,124,26234119
https://stackoverflow.com/questions/17593912/insert-portions-of-a-markdown-document-inside-another-markdown-document-using-kn,125,17593912
https://stackoverflow.com/questions/31697945/do-not-open-rstudio-internal-browser-after-knitting,126,31697945
https://stackoverflow.com/questions/21840878/rotate-a-table-from-r-markdown-in-pdf,127,21840878
https://stackoverflow.com/questions/48485754/diagrammer-mermaid-inconsistent-results-in-rmarkdown-ioslides,128,48485754
https://stackoverflow.com/questions/36350213/how-to-insert-plain-picture-jpeg-png-from-chunk-with-knitr,129,36350213
https://stackoverflow.com/questions/24524594/pretty-print-sql-code-from-separate-file-with-knitr,130,24524594
https://stackoverflow.com/questions/28507693/call-rmarkdown-on-command-line-using-a-r-that-is-passed-a-file,131,28507693
https://stackoverflow.com/questions/37944197/add-a-css-class-to-single-code-chunks-in-rmarkdown,132,37944197
https://stackoverflow.com/questions/23709060/change-r-markdown-plot-width,133,23709060
https://stackoverflow.com/questions/35228773/adding-a-footnote-thanks-to-rmarkdown-title-slide,134,35228773
https://stackoverflow.com/questions/30242753/defer-code-to-end-of-document-in-knitr,135,30242753
https://stackoverflow.com/questions/29291633/adding-custom-css-tags-to-an-rmarkdown-html-document,136,29291633
https://stackoverflow.com/questions/28324288/how-to-create-a-pdf-from-a-rmd-file-using-emacs-ess-pandoc-mode-and-polymode,137,28324288
https://stackoverflow.com/questions/32748235/how-to-remove-white-space-above-and-below-image-in-r-markdown,138,32748235
https://stackoverflow.com/questions/50789125/how-to-get-an-rmarkdown-vignette-for-r-package-to-escape-cran-warnings-on-solari,139,50789125
https://stackoverflow.com/questions/33965560/r-markdown-table-with-a-caption,140,33965560
https://stackoverflow.com/questions/46080853/why-does-rendering-a-pdf-from-rmarkdown-require-closing-rstudio-between-renders,141,46080853
https://stackoverflow.com/questions/36437028/graphing-matplotlib-with-python-code-in-a-r-markdown-document,142,36437028
https://stackoverflow.com/questions/25599860/how-to-increase-stack-space-overflow-for-pandoc-in-r,143,25599860
https://stackoverflow.com/questions/27880563/tikz-in-r-markdown,144,27880563
https://stackoverflow.com/questions/35459166/embed-rmarkdown-with-rmarkdown-without-knitr-evaluation,145,35459166
https://stackoverflow.com/questions/24342162/regression-tables-in-markdown-format-for-flexible-use-in-r-markdown-v2,146,24342162
https://stackoverflow.com/questions/41365502/aligning-columns-with-knitr-kable-function,147,41365502
https://stackoverflow.com/questions/50352614/r-markdown-how-can-i-make-rstudio-display-python-plots-inline-instead-of-in-new,148,50352614
https://stackoverflow.com/questions/44685485/specifying-multiple-simultaneous-output-formats-in-knitr-new,149,44685485
https://stackoverflow.com/questions/36723514/referencing-a-hand-made-table-using-bookdown-package,150,36723514
https://stackoverflow.com/questions/38156279/cross-referencing-in-a-single-file-bookdown-document,151,38156279
https://stackoverflow.com/questions/33485893/create-appendix-with-r-code-in-rmarkdown-knitr,152,33485893
https://stackoverflow.com/questions/30057110/line-breaks-in-r-markdown-text-not-code-blocks,153,30057110
https://stackoverflow.com/questions/40252885/how-to-syntax-highlight-inline-r-code-in-r-markdown,154,40252885
https://stackoverflow.com/questions/31200972/how-to-read-knitr-rmd-cache-in-interactive-session,155,31200972
https://stackoverflow.com/questions/34382869/how-to-make-part-of-rmarkdown-document-without-section-numbering,156,34382869
https://stackoverflow.com/questions/48976338/how-can-i-modifiy-the-positions-of-the-text-and-logo-on-rmarkdown-title-slide,157,48976338
https://stackoverflow.com/questions/37116632/r-markdown-html-number-figures,158,37116632
https://stackoverflow.com/questions/41655383/r-markdown-similar-feature-to-newcommand-in-latex,159,41655383
https://stackoverflow.com/questions/29440007/changing-word-template-for-knitr-in-rmarkdown,160,29440007
https://stackoverflow.com/questions/38138307/is-it-possible-to-host-interactive-r-markdown-files-on-github-pages,161,38138307
https://stackoverflow.com/questions/28032846/add-and-resize-a-local-image-to-a-rmd-file-in-rstudio-that-will-produce-a-pdf,162,28032846
https://stackoverflow.com/questions/26993254/how-to-get-chunk-name-in-knitr,163,26993254
https://stackoverflow.com/questions/24091735/why-pandoc-does-not-retrieve-the-image-file,164,24091735
https://stackoverflow.com/questions/23189012/how-do-i-suppress-the-warning-from-including-a-library-when-using-knitr-in-r,165,23189012
https://stackoverflow.com/questions/49503195/reticulate-running-python-chunks-in-rmarkdown,166,49503195
https://stackoverflow.com/questions/28894515/rmarkdown-directing-output-file-into-a-directory,167,28894515
https://stackoverflow.com/questions/28284319/images-pushed-off-slides-in-beamer-output-from-r-markdown,168,28284319
https://stackoverflow.com/questions/32492145/how-can-i-specify-pandocs-markdown-extensions-using-a-yaml-block,169,32492145
https://stackoverflow.com/questions/30212788/are-rcharts-and-dt-compatible-in-rmarkdown,170,30212788
https://stackoverflow.com/questions/33481271/how-to-wrap-code-and-the-output-in-markdown-rmd,171,33481271
https://stackoverflow.com/questions/26616202/how-to-solve-this-error-message-in-rmarkdown,172,26616202
https://stackoverflow.com/questions/29389149/add-image-in-title-page-of-rmarkdown-pdf,173,29389149
https://stackoverflow.com/questions/38333691/r-markdown-putting-an-image-in-the-top-right-hand-corner-of-html-and-moving-tit,174,38333691
https://stackoverflow.com/questions/25425993/data-frame-to-word-table,175,25425993
https://stackoverflow.com/questions/30938280/keyboard-shortcut-to-produce-code-chunk-brackets-in-markdown-in-r-for-rstudio,176,30938280
https://stackoverflow.com/questions/43239868/add-blank-line-to-word-output-rmarkdown,177,43239868
https://stackoverflow.com/questions/27114926/r-conditional-row-highlighting-in-html-table-created-using-xtable-or-kable,178,27114926
https://stackoverflow.com/questions/38367392/override-rmarkdown-theme-in-order-to-change-html-page-width,179,38367392
https://stackoverflow.com/questions/46136141/incorporating-interactive-shiny-apps-into-rmarkdown-document-for-blogdown-hugo-b,180,46136141
https://stackoverflow.com/questions/35671530/german-umlaut-characters-in-r-markdown,181,35671530
https://stackoverflow.com/questions/36674824/use-loop-to-generate-section-of-text-in-rmarkdown,182,36674824
https://stackoverflow.com/questions/49044753/scale-kable-table-to-fit-page-width,183,49044753
https://stackoverflow.com/questions/32944715/conditionally-display-block-of-markdown-text-using-knitr,184,32944715
https://stackoverflow.com/questions/31463143/pass-parameters-from-command-line-into-r-markdown-document,185,31463143
https://stackoverflow.com/questions/28748301/how-can-i-left-align-latex-equations-in-r-markdown,186,28748301
https://stackoverflow.com/questions/23570718/creating-summaries-at-the-top-of-a-knitr-report-that-use-variables-that-are-defi,187,23570718
https://stackoverflow.com/questions/40699550/how-to-format-a-complex-table-for-rmarkdown-pdf-output,188,40699550
https://stackoverflow.com/questions/15010732/caption-in-the-html-output-of-knitr,189,15010732
https://stackoverflow.com/questions/15251751/adding-an-image-to-title-slide-using-slidify,190,15251751
https://stackoverflow.com/questions/40268152/plotly-as-png-in-knitr-rmarkdown,191,40268152
https://stackoverflow.com/questions/31037907/how-to-build-a-pdf-vignette-in-r-and-rstudio,192,31037907
https://stackoverflow.com/questions/38517236/youtube-video-in-r-markdown,193,38517236
https://stackoverflow.com/questions/35945728/ms-word-track-changes-and-rmarkdown,194,35945728
https://stackoverflow.com/questions/37124951/animate-second-level-bullet-points-in-slidify,195,37124951
https://stackoverflow.com/questions/47900037/cran-notes-that-files-cannot-be-checked-without-pandoc-being-installed,196,47900037
https://stackoverflow.com/questions/42024921/why-does-kable-not-print-when-used-within-a-function-in-rmarkdown,197,42024921
https://stackoverflow.com/questions/33287556/rmarkdown-ioslides-allowframebreaks-alternative,198,33287556
https://stackoverflow.com/questions/29269420/achieving-consistent-figure-font-sizes-with-knitr-html-markdown-and-pdf-latex,199,29269420
https://stackoverflow.com/questions/28264786/create-an-rmarkdown-beamerposter-template,200,28264786
https://stackoverflow.com/questions/44101055/changing-font-size-in-r-datatables-dt,201,44101055
https://stackoverflow.com/questions/34137797/rmarkdown-run-code-and-display-errors-in-document,202,34137797
https://stackoverflow.com/questions/51020181/r-markdown-hide-spoiler-text-hover-over-text-element,203,51020181
https://stackoverflow.com/questions/29152082/insert-a-linebreak-in-title,204,29152082
https://stackoverflow.com/questions/44113759/note-or-warning-from-package-check-when-readme-md-includes-images,205,44113759
https://stackoverflow.com/questions/43222169/how-to-justify-the-text-to-both-sides-when-knitting-html-in-rmarkdown,206,43222169
https://stackoverflow.com/questions/42694376/rmarkdown-beamer-169-aspect-ratio,207,42694376
https://stackoverflow.com/questions/29080642/rmarkdown-how-to-change-headline-in-table-of-contents-in-r-markdown,208,29080642
https://stackoverflow.com/questions/53064555/how-to-make-scrollable-slides-in-an-ioslides-presentation-with-rmarkdown,209,53064555
https://stackoverflow.com/questions/31064353/how-to-make-a-figure-caption-in-rmarkdown,210,31064353
https://stackoverflow.com/questions/25819539/how-to-add-an-interactive-visualization-to-r-markdown,211,25819539
https://stackoverflow.com/questions/40414270/r-how-to-center-output-in-r-markdown,212,40414270
https://stackoverflow.com/questions/34066200/error-43-while-knitting-a-r-markdown-to-pdf-on-rstudio-on-windows,213,34066200
https://stackoverflow.com/questions/40819213/r-bookdown-bookdown-yml,214,40819213
https://stackoverflow.com/questions/22329685/how-to-display-line-numbers-for-code-chunks-in-rmarkdown-html-and-pdf,215,22329685
https://stackoverflow.com/questions/56388141/flextable-in-rmarkdown-docx-not-printing-within-if-statement-if-other-text,216,56388141
https://stackoverflow.com/questions/52724682/use-rmarkdownrender-in-a-restricted-environment,217,52724682
https://stackoverflow.com/questions/42394244/rstudio-knit-button-fail-to-load-rjava,218,42394244
https://stackoverflow.com/questions/32748248/watermark-in-rmarkdown,219,32748248
https://stackoverflow.com/questions/41143295/using-tikz-in-html-document-using-rmarkdown,220,41143295
https://stackoverflow.com/questions/39671612/how-to-type-tilde-in-formulas-in-rmarkdown,221,39671612
https://stackoverflow.com/questions/36989320/how-can-i-explicitly-set-column-width-for-r-dt-tables-using-r-markdown,222,36989320
https://stackoverflow.com/questions/40213519/how-to-output-literal-backticks-in-knitrspin,223,40213519
https://stackoverflow.com/questions/39281266/use-internal-links-in-rmarkdown-html-output,224,39281266
https://stackoverflow.com/questions/27992239/knitr-include-figures-in-report-and-output-figures-to-separate-files,225,27992239
https://stackoverflow.com/questions/41196823/embed-csv-in-html-rmarkdown,226,41196823
https://stackoverflow.com/questions/47290659/how-can-we-pass-pandoc-args-to-yaml-header-in-rmarkdown,227,47290659
https://stackoverflow.com/questions/42630248/collapsing-hiding-figures-in-r-markdown,228,42630248
https://stackoverflow.com/questions/29508059/how-to-add-multiple-figures-across-multiple-pages-in-a-chunk-using-knitr-and-rma,229,29508059
https://stackoverflow.com/questions/36845178/width-of-r-code-chunk-output-in-rmarkdown-files-knitr-ed-to-html,230,36845178
https://stackoverflow.com/questions/43752095/programmatically-insert-header-and-plot-in-same-code-chunk-with-r-markdown-using,231,43752095
https://stackoverflow.com/questions/25782595/rmarkdown-ioslides-presentation-in-hd,232,25782595
https://stackoverflow.com/questions/30509866/for-loop-over-dygraph-does-not-work-in-r,233,30509866
https://stackoverflow.com/questions/50565439/how-to-prevent-blogdown-from-rerendering-all-posts,234,50565439
https://stackoverflow.com/questions/48161177/r-markdown-openbinaryfile-does-not-exist-no-such-file-or-directory,235,48161177
https://stackoverflow.com/questions/45857934/executing-perl-6-code-in-rmarkdown,236,45857934
https://stackoverflow.com/questions/32841221/add-sparkline-graph-to-a-table,237,32841221
https://stackoverflow.com/questions/30476119/plot-animation-in-knitr-rmarkdown,238,30476119
https://stackoverflow.com/questions/28625025/add-beamer-frame-options-in-knitr-rmarkdown,239,28625025
https://stackoverflow.com/questions/27048437/how-can-i-insert-page-number-to-rmarkdown-beamer-slides,240,27048437
https://stackoverflow.com/questions/40272489/export-r-shiny-page-to-pdf,241,40272489
https://stackoverflow.com/questions/49707298/how-to-get-a-second-bibliography,242,49707298
https://stackoverflow.com/questions/25791967/convert-rstudio-presentation-rpres-to-rmarkdown-presentation-rmd,243,25791967
https://stackoverflow.com/questions/14085072/automated-text-for-reproducible-research,244,14085072
https://stackoverflow.com/questions/46850633/why-does-ggplot-not-allow-suppressing-of-messages-generated-by-its-geoms,245,46850633
https://stackoverflow.com/questions/43588361/inserting-a-pdf-before-the-bookdown-frontpage,246,43588361
https://stackoverflow.com/questions/13793858/jekyll-converter-for-r-markdown,247,13793858
https://stackoverflow.com/questions/48695602/is-it-possible-to-define-a-letterhead-header-in-rmarkdown,248,48695602
https://stackoverflow.com/questions/40932462/controlling-placement-of-figures-with-the-knitrinclude-graphics-function,249,40932462
https://stackoverflow.com/questions/21126776/multi-line-equation-in-rmarkdown,250,21126776
https://stackoverflow.com/questions/34436515/how-do-i-access-the-data-from-a-file-passed-as-parameters-in-a-rmarkdown-documen,251,34436515
https://stackoverflow.com/questions/51432502/replace-column-names-in-kable-r-markdown,252,51432502
https://stackoverflow.com/questions/46171362/rmarkdown-error-attempt-to-use-zero-length-variable-name,253,46171362
https://stackoverflow.com/questions/32024013/cant-change-params-in-rmd-documents,254,32024013
https://stackoverflow.com/questions/52706006/accessing-yaml-parameters-as-macros-within-external-latex-files,255,52706006
https://stackoverflow.com/questions/41532707/include-rmd-appendix-after-references,256,41532707
https://stackoverflow.com/questions/44670712/knitr-print-text-from-code-block-as-r-markdown,257,44670712
https://stackoverflow.com/questions/27444804/some-figure-captions-from-rmarkdown-not-showing,258,27444804
https://stackoverflow.com/questions/26881866/resizing-images-in-rmarkdown,259,26881866
https://stackoverflow.com/questions/41237664/reduce-file-size-of-r-markdown-html-output,260,41237664
https://stackoverflow.com/questions/35677857/references-truncated-in-beamer-presentation-prepared-in-knitr-rmarkdown,261,35677857
https://stackoverflow.com/questions/22649124/reference-package-vignettes-with-roxygen2,262,22649124
https://stackoverflow.com/questions/14695892/change-code-block-color-in-knitr-markdown,263,14695892
https://stackoverflow.com/questions/40778333/how-to-convert-r-reveal-js-presentation-to-pdf,264,40778333
https://stackoverflow.com/questions/53724834/why-does-the-plot-size-differ-between-docx-and-html-in-rmarkdownrender,265,53724834
https://stackoverflow.com/questions/48247787/how-to-change-caption-label-names-in-a-single-document-with-bookdown,266,48247787
https://stackoverflow.com/questions/45206908/kableextra-dynamic-add-header-above-labeling,267,45206908
https://stackoverflow.com/questions/29370306/how-to-render-html-from-rmarkdown-without-javascript-in-output,268,29370306
https://stackoverflow.com/questions/22954623/view-markdown-generated-html-in-rstudio-viewer,269,22954623
https://stackoverflow.com/questions/55009313/how-to-use-cairo-pngs-in-r-markdown,270,55009313
https://stackoverflow.com/questions/47340955/change-color-of-error-messages-in-rmarkdown-code-output-html-pdf,271,47340955
https://stackoverflow.com/questions/46201753/rmarkdown-indentation-of-toc-items-in-html-output,272,46201753
https://stackoverflow.com/questions/43594039/dt-package-not-working-with-blogdown-using-hugo-future-imperfect-theme,273,43594039
https://stackoverflow.com/questions/43527520/r-markdown-yaml-scanner-error-mapping-values,274,43527520
https://stackoverflow.com/questions/25587773/how-to-change-the-position-of-the-table-of-contents-in-rmarkdown,275,25587773
https://stackoverflow.com/questions/20942466/creating-good-kable-output-in-rstudio,276,20942466
https://stackoverflow.com/questions/13004001/plots-in-beamer-slides-converted-from-md-by-pandoc-are-extremely-large,277,13004001
https://stackoverflow.com/questions/39497696/rmarkdown-to-latex,278,39497696
https://stackoverflow.com/questions/33040427/evaluate-inline-r-code-in-rmarkdown-figure-caption,279,33040427
https://stackoverflow.com/questions/28962651/inserting-title-page-with-image-in-rmarkdown-to-render-a-pdf-document,280,28962651
https://stackoverflow.com/questions/27702019/how-to-keep-all-rows-of-a-table-on-the-same-page-in-rmarkdown-when-rendering-a-p,281,27702019
https://stackoverflow.com/questions/32405433/text-editor-support-for-rmarkdown-documents,282,32405433
https://stackoverflow.com/questions/28835491/automatically-scale-font-size-etc-of-ggplot2-inside-an-rmarkdown-document,283,28835491
https://stackoverflow.com/questions/27379597/how-to-end-a-header-3-box-in-rmarkdown-beamer-madrid-presentation,284,27379597
https://stackoverflow.com/questions/25962942/avoid-loading-data-every-time-in-knitr,285,25962942
https://stackoverflow.com/questions/42816158/debugging-code-in-r-markdown,286,42816158
https://stackoverflow.com/questions/42785311/keyboard-shortcut-for-code-chunk-in-r-markdown-for-windows-gives-%c3%ad,287,42785311
https://stackoverflow.com/questions/37449067/use-xtable-to-print-html-table-in-r-markdown-file,288,37449067
https://stackoverflow.com/questions/34687030/pandoc-document-conversion-failed-with-error-127,289,34687030
https://stackoverflow.com/questions/49324289/reticulate-not-sharing-state-between-r-python-cells-or-python-python-cells-in-rm,290,49324289
https://stackoverflow.com/questions/37665579/rmarkdown-space-without-line-break,291,37665579
https://stackoverflow.com/questions/27101443/r-devtools-create-both-html-and-pdf-of-vignettes,292,27101443
https://stackoverflow.com/questions/24867153/vignette-cant-find-data-files-during-devtoolscheck,293,24867153
https://stackoverflow.com/questions/52462761/how-to-cross-reference-tables-and-plots-in-rmarkdown,294,52462761
https://stackoverflow.com/questions/36868287/purl-within-knit-duplicate-label-error,295,36868287
https://stackoverflow.com/questions/59843213/how-to-knit-inline-image-that-align-to-multiple-lines-of-text-using-r-markdown,296,59843213
https://stackoverflow.com/questions/30835973/r-htmlwidgets-with-reveal-js,297,30835973
https://stackoverflow.com/questions/27842133/suppress-automatic-figure-numbering-in-pdf-output-with-r-markdown-knitr,298,27842133
https://stackoverflow.com/questions/12395499/is-there-a-way-to-knitr-and-produce-rmd-files-using-the-external-tools-function,299,12395499
https://stackoverflow.com/questions/49550731/knitr-kable-table-moving-to-the-end-of-page-when-adding-caption-figure-label,300,49550731
https://stackoverflow.com/questions/38748297/default-code-folding-by-individual-chunk-in-rmarkdown,301,38748297
https://stackoverflow.com/questions/36054954/markdown-for-reproducible-research-in-python,302,36054954
https://stackoverflow.com/questions/18929782/how-can-i-pass-variables-into-an-r-markdown-rmd-file,303,18929782
https://stackoverflow.com/questions/31813559/r-markdown-table-1000-separator,304,31813559
https://stackoverflow.com/questions/29914059/highlighting-bash-code-with-knitr-rmarkdown,305,29914059
https://stackoverflow.com/questions/27514610/how-can-i-use-latex-packages-in-r-markdown-beamer,306,27514610
https://stackoverflow.com/questions/44767358/how-to-cite-multiple-papers-in-rmarkdown,307,44767358
https://stackoverflow.com/questions/39377465/conditionally-include-a-list-of-child-documents-in-rmarkdown-with-knitr,308,39377465
https://stackoverflow.com/questions/32479130/passing-parameters-to-r-markdown,309,32479130
https://stackoverflow.com/questions/41376989/how-to-include-google-analytics-in-an-rmarkdown-generated-github-page,310,41376989
https://stackoverflow.com/questions/36453126/embedding-fonts-in-ggplot2-charts-in-rmarkdown-documents,311,36453126
https://stackoverflow.com/questions/52918716/authors-and-affiliations-in-the-yaml-of-rmarkdown,312,52918716
https://stackoverflow.com/questions/44850011/how-to-stop-bookdown-tables-from-floating-to-bottom-of-the-page-in-pdf,313,44850011
https://stackoverflow.com/questions/20673983/jekyll-markdown-utf-8,314,20673983
https://stackoverflow.com/questions/15599948/replacing-the-print-function-in-knitr-chunk-evaluation,315,15599948
https://stackoverflow.com/questions/14796501/is-it-possible-to-call-external-r-script-from-r-markdown-rmd-in-rstudio,316,14796501
https://stackoverflow.com/questions/34813408/r-markdown-kable-break-table-width-into-multiple-tables-below-each-other,317,34813408
https://stackoverflow.com/questions/32418860/output-markdown-in-r-code-chunk,318,32418860
https://stackoverflow.com/questions/49887792/rmarkdownrender-in-a-loop-cannot-allocate-vector-of-size,319,49887792
https://stackoverflow.com/questions/42852069/how-to-suppress-automatic-figure-numbering-in-rmarkdown-pandoc,320,42852069
https://stackoverflow.com/questions/31161437/how-to-use-eqnarray-in-r-markdown-for-both-html-and-pdf-output,321,31161437
https://stackoverflow.com/questions/25528067/ifelse-action-depending-on-document-type-in-rmarkdown,322,25528067
https://stackoverflow.com/questions/45591286/for-r-markdown-how-do-i-display-a-matrix-from-r-variable,323,45591286
https://stackoverflow.com/questions/43840742/how-to-embed-local-video-in-r-markdown,324,43840742
https://stackoverflow.com/questions/28000062/tables-and-figures-side-by-side-in-knitr-or-rmarkdown-beamer,325,28000062
https://stackoverflow.com/questions/49990653/plotly-plot-doesnt-render-within-for-loop-of-rmarkdown-document,326,49990653
https://stackoverflow.com/questions/49841189/have-internal-links-into-code-looking-blocks,327,49841189
https://stackoverflow.com/questions/32428819/knitr-rmarkdown-reducing-html-file-size,328,32428819
https://stackoverflow.com/questions/43329230/r-markdown-add-tag-to-head-of-html-output,329,43329230
https://stackoverflow.com/questions/40893742/r-markdown-df-print-options,330,40893742
https://stackoverflow.com/questions/39885363/importing-common-yaml-in-rstudio-knitr-document,331,39885363
https://stackoverflow.com/questions/36488681/rmarkdownrender-site-error-in-rmarkdownrender-site-no-site-generator-f,332,36488681
https://stackoverflow.com/questions/28166168/how-to-change-fontface-bold-italics-for-a-cell-in-a-kable-table-in-rmarkdown,333,28166168
https://stackoverflow.com/questions/30238643/text-justification-in-rmarkdown-word-document,334,30238643
https://stackoverflow.com/questions/24020617/textwrapping-long-string-in-knitr-output-rstudio,335,24020617
https://stackoverflow.com/questions/27782312/how-to-add-logo-to-each-slide-in-ioslides-in-rstudio,336,27782312
https://stackoverflow.com/questions/23683994/knit-html-does-not-save-html-in-vignettes,337,23683994
https://stackoverflow.com/questions/33881242/rstudio-pandoc-beamer-add-frame-options,338,33881242
https://stackoverflow.com/questions/28073041/add-pdf-file-in-rmarkdown-file,339,28073041
https://stackoverflow.com/questions/30246597/possible-to-use-knitr-cache-chunk-in-interactive-rmarkdown-doc,340,30246597
https://stackoverflow.com/questions/58616509/how-to-make-bullets-incrementally-appear-in-flexdashboard-storyboard-for-rmarkdo,341,58616509
https://stackoverflow.com/questions/46141683/changing-bibliography-style,342,46141683
https://stackoverflow.com/questions/41728713/rmarkdown-writing-inline-dplyr-code-if-column-names-have-spaces-defined-with-ba,343,41728713
https://stackoverflow.com/questions/46117527/how-to-reference-two-times-to-a-single-footnote-in-rmarkdown,344,46117527
https://stackoverflow.com/questions/40840986/knitrkable-is-there-a-way-to-reduce-the-font-size,345,40840986
https://stackoverflow.com/questions/38514954/removing-figure-text-in-rmarkdown,346,38514954
https://stackoverflow.com/questions/44298161/rmd-files-open-as-completely-empty,347,44298161
https://stackoverflow.com/questions/39069158/how-can-i-specify-rmarkdown-to-use-python3-instead-python-2,348,39069158
https://stackoverflow.com/questions/44486493/produce-a-table-spanning-multiple-pages-using-kable,349,44486493
https://stackoverflow.com/questions/19237190/2-column-report-in-r-markdown-render-html-aside-data-frame,350,19237190
https://stackoverflow.com/questions/47298106/getting-r-printed-texts-to-have-color-esp-in-r-markdown-knits,351,47298106
https://stackoverflow.com/questions/47104377/suppress-running-messages-from-rstan-in-rmarkdown-html-output,352,47104377
https://stackoverflow.com/questions/45018397/changing-the-font-size-of-figure-captions-in-rmarkdown-html-output,353,45018397
https://stackoverflow.com/questions/32377291/insert-date-in-filename-while-knitting-document-using-rstudio-knit-button,354,32377291
https://stackoverflow.com/questions/31220940/how-to-access-yaml-metadata-from-knitr,355,31220940
https://stackoverflow.com/questions/52876814/using-a-custom-template-for-rmd-pdf-without-changing-current-setup,356,52876814
https://stackoverflow.com/questions/52656548/xaringan-changing-code-background-for-specific-chunks,357,52656548
https://stackoverflow.com/questions/33319457/display-a-data-frame-as-table-in-r-markdown,358,33319457
https://stackoverflow.com/questions/30106203/markdown-reverse-ordered-list,359,30106203
https://stackoverflow.com/questions/48486920/pandoc-open-link-in-new-tab,360,48486920
https://stackoverflow.com/questions/36230790/missing-horizontal-scroll-bar-in-r-markdown-html-code-chunks-and-output,361,36230790
https://stackoverflow.com/questions/52193021/r-markdown-conditionals-for-knitting-html-vs-pdf,362,52193021
https://stackoverflow.com/questions/43376605/rmarkdown-pdf-font-not-available,363,43376605
https://stackoverflow.com/questions/27714604/embed-youtube-video-in-r-markdown,364,27714604
https://stackoverflow.com/questions/23538151/integrating-matlab-scripts-into-r-markdown-document,365,23538151
https://stackoverflow.com/questions/42439763/rmarkdown-beamer-presentation-how-to-not-print-section-slides,366,42439763
https://stackoverflow.com/questions/29595348/control-size-of-figure-in-rstudio-presentation,367,29595348
https://stackoverflow.com/questions/28832533/error-in-importing-an-image-into-r-markdown,368,28832533
https://stackoverflow.com/questions/27933076/how-can-i-add-notes-to-the-bottom-of-a-table-using-knitrkable,369,27933076
https://stackoverflow.com/questions/27490026/knitr-does-not-render-googlevis,370,27490026
https://stackoverflow.com/questions/40801633/use-r-code-or-windows-user-variable-userprofile-in-yaml,371,40801633
https://stackoverflow.com/questions/33148325/how-to-insert-appendix-after-references-in-rmd-using-rstudio,372,33148325
https://stackoverflow.com/questions/28604304/using-knit2pdf-with-rmd-files,373,28604304
https://stackoverflow.com/questions/26965946/including-a-3d-interactive-figure-in-html-and-static-in-word-pdf-using-knitr-and,374,26965946
https://stackoverflow.com/questions/15037046/using-in-line-r-code-as-part-of-a-r-markdown-header,375,15037046
https://stackoverflow.com/questions/46027246/in-r-markdown-create-header-footer-on-every-page-regardless-of-output-type-pdf,376,46027246
https://stackoverflow.com/questions/45446339/how-to-make-captions-in-ggplot2-more-aesthetically-pleasing,377,45446339
https://stackoverflow.com/questions/40519904/modularized-r-markdown-structure,378,40519904
https://stackoverflow.com/questions/25315309/conditional-formatting-tables-in-rmarkdown-documents,379,25315309
https://stackoverflow.com/questions/24314086/pdf-rendering-in-rmarkdown2,380,24314086
https://stackoverflow.com/questions/21055183/can-markdown-expressions-and-results-be-interleaved-in-the-same-block,381,21055183
https://stackoverflow.com/questions/50223141/rmarkdown-bookdown-separate-figure-numbering-for-supplemental-section,382,50223141
https://stackoverflow.com/questions/34551073/keep-table-dimnames-in-knitr-or-pander-output,383,34551073
https://stackoverflow.com/questions/30519673/cant-resolve-error-in-rmd-file-anonymous-withcallinghandlers-withvisi,384,30519673
https://stackoverflow.com/questions/29972149/r-markdown-pdf-temporarily-hide-spoiler-code-for-quiz-takers,385,29972149
https://stackoverflow.com/questions/25014158/setting-documentclass-in-rmarkdown-v2,386,25014158
https://stackoverflow.com/questions/24863160/trouble-with-pandoc-installation-on-ubuntu-14-04lts-for-using-with-r-markdown,387,24863160
https://stackoverflow.com/questions/36777699/adding-title-slide-image-to-rmarkdown-slides-with-reveal-js,388,36777699
https://stackoverflow.com/questions/31526013/run-r-interactively-from-rscript,389,31526013
https://stackoverflow.com/questions/30890800/knitr-preamble-error-results-in-pandoc-document-conversion-failed-with-error-43,390,30890800
https://stackoverflow.com/questions/48303890/using-short-author-citations-in-bookdown-rmarkdown,391,48303890
https://stackoverflow.com/questions/47912546/programmatically-generate-slides-in-r-with-xaringan-and-plotly,392,47912546
https://stackoverflow.com/questions/45311909/how-do-you-color-the-cell-in-rmarkdown-pdf-output,393,45311909
https://stackoverflow.com/questions/44943215/how-to-enable-emoji-in-rmarkdown-to-show-up-after-publishing-in-shiny-server,394,44943215
https://stackoverflow.com/questions/28518368/specify-font-type-on-r-markdown,395,28518368
https://stackoverflow.com/questions/20934148/sweave-to-r-markdown-file-conversion-code-or-converters-available,396,20934148
https://stackoverflow.com/questions/40237343/sending-r-markdown-output-as-body-email-via-outlook-rdcomclient,397,40237343
https://stackoverflow.com/questions/35973794/incorporate-leaflet-map-in-revealjs-presentation-within-r,398,35973794
https://stackoverflow.com/questions/45024123/r-notebook-generates-a-blank-plot-in-addition-to-actual-plot,399,45024123
https://stackoverflow.com/questions/37585212/how-to-embed-github-file-to-a-github-pages-blog-post,400,37585212
https://stackoverflow.com/questions/33284343/knitr-can-i-cite-an-article-in-a-figure-caption-using-the-fig-cap-chunk-option,401,33284343
https://stackoverflow.com/questions/32906263/knit-pdf-from-rmd-script-by-clicking-an-executable-r-file,402,32906263
https://stackoverflow.com/questions/30307191/using-diagrammer-in-word-document-generated-using-rmarkdown,403,30307191
https://stackoverflow.com/questions/24131827/shiny-presentation-ioslides-custom-css-and-logo,404,24131827
https://stackoverflow.com/questions/56938416/floating-toc-for-prettydoc-in-rmarkdown-ask-for-theme,405,56938416
https://stackoverflow.com/questions/50616517/restart-endnote-numbering-after-each-gitbook-style-web-chapter-in-r-bookdown,406,50616517
https://stackoverflow.com/questions/47456968/how-to-store-embedded-file-includes-in-custom-rmarkdown,407,47456968
https://stackoverflow.com/questions/46430980/how-to-use-inline-r-code-in-a-bookdown-theorem-or-example-environment,408,46430980
https://stackoverflow.com/questions/45399587/how-to-remove-warning-messages-in-r-markdown-document,409,45399587
https://stackoverflow.com/questions/39401416/how-can-i-create-a-tabset-in-this-flexdashboard-layout,410,39401416
https://stackoverflow.com/questions/29554211/customising-r-markdown-pdf-document,411,29554211
https://stackoverflow.com/questions/58502671/matplotlib-in-rmarkdown-rstudio-fails-when-calling-latex-on-with-anaconda,412,58502671
https://stackoverflow.com/questions/43522838/rmarkdownrender-in-parallel,413,43522838
https://stackoverflow.com/questions/25040873/rmarkdown-vector-graphics-for-knit-word,414,25040873
https://stackoverflow.com/questions/33181143/printing-ggplot-figures-side-by-side-in-r-markdown-html-file,415,33181143
https://stackoverflow.com/questions/13540955/ggplot2-figure-size-with-rmarkdown,416,13540955
https://stackoverflow.com/questions/24572188/captions-on-tables-in-pdf-documents-generated-by-rmarkdown,417,24572188
https://stackoverflow.com/questions/46058460/how-to-comment-out-r-code-blocks-in-r-markdown,418,46058460
https://stackoverflow.com/questions/42690955/how-to-insert-footnotes-in-ioslides-presentations-using-rmarkdown,419,42690955
https://stackoverflow.com/questions/45757950/how-do-i-provide-only-the-year-in-a-citation-in-r-markdown,420,45757950
https://stackoverflow.com/questions/29460112/first-line-paragraph-indenting-in-pdfs-using-r-markdown,421,29460112
https://stackoverflow.com/questions/39623978/can-rmarkdown-having-a-non-working-code-knit-html-output-showing-the-errors-and,422,39623978
https://stackoverflow.com/questions/38578152/make-scrollbar-appear-in-rmarkdown-code-chunks-html-view,423,38578152
https://stackoverflow.com/questions/38260799/references-page-truncated-in-rmarkdown-ioslides-presentation,424,38260799
https://stackoverflow.com/questions/47654895/controlling-row-height-in-kableextra,425,47654895
https://stackoverflow.com/questions/44520686/r-markdown-hiding-the-library-output,426,44520686
https://stackoverflow.com/questions/27014123/change-default-alignment-in-pander-pandoc-table,427,27014123
https://stackoverflow.com/questions/44214837/how-to-extend-the-rendertable-width-in-shiny-flexdashboard,428,44214837
https://stackoverflow.com/questions/39748519/german-long-date-in-rmarkdown,429,39748519
https://stackoverflow.com/questions/35078430/including-links-within-rmarkdown-tables-pdf,430,35078430
https://stackoverflow.com/questions/34446139/caption-font-color-with-kable,431,34446139
https://stackoverflow.com/questions/28486510/how-to-format-dygraphs-labels-in-r-comma-separate-thousands-place,432,28486510
https://stackoverflow.com/questions/49140030/r-markdown-error-is-latex-output-is-not-an-exported-object-from-namespacekn,433,49140030
https://stackoverflow.com/questions/43516681/rmarkdown-accessing-parameter-from-bash-chunk,434,43516681
https://stackoverflow.com/questions/37701995/rmarkdown-retain-tex-file,435,37701995
https://stackoverflow.com/questions/34903115/is-it-possible-to-create-a-code-block-of-pseudocode-in-r-markdown-knitr,436,34903115
https://stackoverflow.com/questions/33156946/how-can-i-format-sessioninfo-in-rmarkdown,437,33156946
https://stackoverflow.com/questions/31888834/conditional-formatting-of-a-table-in-rshiny,438,31888834
https://stackoverflow.com/questions/28458384/use-rmarkdown-knitr-to-hold-all-code-until-the-end,439,28458384
https://stackoverflow.com/questions/18517293/prevent-knitr-rmarkdown-from-interleaving-chunk-output-with-code,440,18517293
https://stackoverflow.com/questions/43773338/text-after-the-end-of-a-nested-list-doesnt-align-properly,441,43773338
https://stackoverflow.com/questions/43245920/how-to-resize-tables-generated-by-stargazer-in-r-markdown,442,43245920
https://stackoverflow.com/questions/40895829/how-can-xtable-do-cell-coloring,443,40895829
https://stackoverflow.com/questions/35271593/how-to-change-pandoc-option-in-r-studio,444,35271593
https://stackoverflow.com/questions/31291833/figure-name-in-caption-using-rmarkdown,445,31291833
https://stackoverflow.com/questions/31085580/resize-datatables-to-fit-within-r-markdown,446,31085580
https://stackoverflow.com/questions/29717432/rmarkdowns-render-knitrs-spin-how-to-mix-code-blocks-and-nested-items,447,29717432
https://stackoverflow.com/questions/28505203/printing-inline-latex-equations-from-variable-in-r-trouble-with-beta,448,28505203
https://stackoverflow.com/questions/26456924/how-to-suppress-all-messages-in-knitr-rmarkdown,449,26456924
https://stackoverflow.com/questions/23927325/r-cmd-check-does-not-respect-selective-code-evaluation-in-knitr-code-chunks,450,23927325
https://stackoverflow.com/questions/52491396/using-r-markdown-knitr-hooks-to-custom-format-tables-in-html-reports,451,52491396
https://stackoverflow.com/questions/52448104/how-to-add-horizontal-scroll-bar-for-a-ggplot-plot-in-rmarkdown-html,452,52448104
https://stackoverflow.com/questions/48538373/chunk-option-class-output-is-not-working-on-error-message,453,48538373
https://stackoverflow.com/questions/47392839/crayon-in-r-markdown-knitr-reports,454,47392839
https://stackoverflow.com/questions/42835531/how-to-get-line-breaks-in-equation-when-knitting-to-pdf,455,42835531
https://stackoverflow.com/questions/39456577/cant-use-rcpp-engine-in-r-markdown,456,39456577
https://stackoverflow.com/questions/37866549/add-line-numbers-to-text-content-of-a-rendered-rmarkdown-html-document,457,37866549
https://stackoverflow.com/questions/29899766/r-markdown-ioslides-incremental-mode-for-code-chunks,458,29899766
https://stackoverflow.com/questions/24930283/interactive-rmarkdown-document-not-displaying-correctly-after-browser-refresh,459,24930283
https://stackoverflow.com/questions/57175351/flextable-autofit-in-a-rmarkdown-to-word-doc-causes-table-to-go-outside-page-mar,460,57175351
https://stackoverflow.com/questions/52652934/latex-pdf-with-images-from-web-in-shinyapp,461,52652934
https://stackoverflow.com/questions/20930242/syntax-highlighting-for-python-chunks-does-not-work,462,20930242
https://stackoverflow.com/questions/45646135/evaluating-r-code-in-yaml-header,463,45646135
https://stackoverflow.com/questions/43984289/how-to-split-kable-over-multiple-columns,464,43984289
https://stackoverflow.com/questions/43020527/in-line-r-expression-returns-incorrect-value,465,43020527
https://stackoverflow.com/questions/41962434/source-code-from-rmd-file-within-another-rmd,466,41962434
https://stackoverflow.com/questions/39927660/using-rmarkdownrender-to-set-document-header-title-author-date,467,39927660
https://stackoverflow.com/questions/39630279/passing-query-as-variable-to-rmarkdown-sql-chunk,468,39630279
https://stackoverflow.com/questions/46105808/rmarkdown-pdf-latex3-error-erroneous-variable,469,46105808
https://stackoverflow.com/questions/42479112/survival-plots-with-survminer-blank-plot,470,42479112
https://stackoverflow.com/questions/41135085/how-to-make-vertical-scrollbar-appear-in-rmarkdown-code-chunks-html-view,471,41135085
https://stackoverflow.com/questions/38774416/how-to-include-an-rmarkdown-html-file-in-jekyll-post,472,38774416
https://stackoverflow.com/questions/36421231/r-markdown-output-size,473,36421231
https://stackoverflow.com/questions/35606445/respecting-global-options-in-knitr,474,35606445
https://stackoverflow.com/questions/26480559/r-markdown-file-include-help-information,475,26480559
https://stackoverflow.com/questions/58365933/how-to-delete-blank-pages-in-rmarkdownpagedown,476,58365933
https://stackoverflow.com/questions/52834627/remove-progress-bar-from-knitr-output,477,52834627
https://stackoverflow.com/questions/41982700/how-to-properly-number-headings-in-word-from-a-rmarkdown-document,478,41982700
https://stackoverflow.com/questions/38836729/rmarkdown-of-stargazer-latex-error-if-align-is-set-to-true,479,38836729
https://stackoverflow.com/questions/28776237/how-to-control-default-packages-loaded-by-rmarkdown-knitr-to-avoid-option-clash,480,28776237
https://stackoverflow.com/questions/36202023/rmarkdown-how-to-use-multiple-bibliographies-for-a-document,481,36202023
https://stackoverflow.com/questions/36036627/rmarkdown-manipulate-chunk-options-programmatically,482,36036627
https://stackoverflow.com/questions/34064292/is-it-possible-to-include-svg-image-in-pdf-document-rendered-by-rmarkdown,483,34064292
https://stackoverflow.com/questions/33566771/rmarkdown-error-paragraph-ended-before-fileswithptions-was-complete,484,33566771
https://stackoverflow.com/questions/23648815/r-markdown-files-overlap-figures-when-parallelized-using-makefile,485,23648815
https://stackoverflow.com/questions/36642411/using-a-yaml-header-argument-in-knitr,486,36642411
https://stackoverflow.com/questions/56040907/save-load-rpivottable-configuration,487,56040907
https://stackoverflow.com/questions/53162123/rstudio-knitr-markdown-german-umlaut-causing-text-to-turn-green-in-code-chunks,488,53162123
https://stackoverflow.com/questions/52593178/error-while-using-outputoptions-in-r-shiny,489,52593178
https://stackoverflow.com/questions/49676982/add-caption-to-flextable-in-docx,490,49676982
https://stackoverflow.com/questions/48096556/r-render-site-is-not-working-with-dopar,491,48096556
https://stackoverflow.com/questions/44134861/how-to-set-up-jupyter-tabsets,492,44134861
https://stackoverflow.com/questions/42602055/full-citation-in-rmarkdown,493,42602055
https://stackoverflow.com/questions/39183406/do-not-escape-backslashes-in-formulas-with-rmarkdown-md-document,494,39183406
https://stackoverflow.com/questions/39022872/utf-8-with-r-markdown-knitr-and-windows,495,39022872
https://stackoverflow.com/questions/49088421/can-i-show-pdf-output-inside-the-rstudio-viewer-pane,496,49088421
https://stackoverflow.com/questions/32877090/extract-html-dependencies-for-rmd-file-containing-htmlwidgets,497,32877090
https://stackoverflow.com/questions/52576626/rmarkdown-collapsible-panel,498,52576626
https://stackoverflow.com/questions/39662365/knit-one-markdown-file-to-two-output-files,499,39662365
https://stackoverflow.com/questions/35157070/remove-show-entries-in-datatable,500,35157070
